{"properties": [
  {
    "name": "management.endpoints.web.exposure.include",
    "type": "java.lang.String",
    "description": "A description for 'management.endpoints.web.exposure.include'"
  },
  {
    "name": "management.endpoints.web.base-path",
    "type": "java.lang.String",
    "description": "A description for 'management.endpoints.web.base-path'"
  },
  {
    "name": "management.endpoint.shutdown.enabled",
    "type": "java.lang.String",
    "description": "A description for 'management.endpoint.shutdown.enabled'"
  }
]}