<?xml version="1.0" encoding="UTF-8"?>
<beans xmlns="http://www.springframework.org/schema/beans" 
xmlns:xsi="http://www.w3.org/2001/XMLSchema-instance" 
xmlns:context="http://www.springframework.org/schema/context"
xsi:schemaLocation="http://www.springframework.org/schema/beans 
http://www.springframework.org/schema/beans/spring-beans-4.3.xsd
http://www.springframework.org/schema/context
http://www.springframework.org/schema/context/spring-context-4.3.xsd">


<!-- <bean id="item_1" class="com.spring.Item">
<constructor-arg value="Laptop" type="string" />
<constructor-arg value="4000" type="double" />
	    <property name="name" value="chair" />
	    <property name="price" value="2000" />
	</bean>
	
	 -->
	 <context:annotation-config />
	 
	<bean id="item_1" class="com.spring.Item">
	    <property name="name" value="chair" />
	    <property name="price" value="5000" />
	</bean>
	<bean id="order_1" class="com.spring.Order">
	    <property name="title" value="Purchase order" />
	</bean>
	<!-- <bean id="order_1" class="com.spring.Order" autowire="constructor">
	    <property name="title" value="Purchase order" />
	</bean> -->
	<!-- <bean id="order_1" class="com.spring.Order" init-method="initMyOrder" lazy-init="true" destroy-method="destroyMyBean">
	    <property name="item" ref="item_1" />
	    <property name="title" value="Purchase order" />
	</bean> -->
	
	<!-- <bean id="order_2" class="com.spring.Order" lazy-init="true" scope="prototype">
	    <property name="item" ref="item_2" />
	    <property name="title" value="Purchase order" />
	</bean> -->
	
	<!-- <bean id="LifeCycleBean" class="com.spring.LifeCycleBean" init-method="myInit" destroy-method="myDestroy">
	  <property name="title" value="Life Cycle Bean" />
	</bean>
	
	<bean class="com.spring.MyApplicationBeanPostProcessor" />  -->

</beans>